{
	"credit": "Made with Blockbench. and this took 3 days",
	"texture_size": [32, 32],
	"textures": {
		"0": "item/skibidi",
		"particle": "item/skibidi"
	},
	"elements": [
		{
			"from": [7, 0, 7],
			"to": [8, 7, 8],
			"rotation": {"angle": 0, "axis": "y", "origin": [7, -2, 7]},
			"faces": {
				"north": {"uv": [0, 4.5, 0.5, 8], "texture": "#0"},
				"east": {"uv": [0.5, 4.5, 1, 8], "texture": "#0"},
				"south": {"uv": [1, 4.5, 1.5, 8], "texture": "#0"},
				"west": {"uv": [1.5, 4.5, 2, 8], "texture": "#0"},
				"up": {"uv": [6, 5.5, 5.5, 5], "texture": "#0"},
				"down": {"uv": [6.5, 2.5, 6, 3], "texture": "#0"}
			}
		},
		{
			"from": [6.9, 7, 4],
			"to": [8.1, 8, 11],
			"rotation": {"angle": 0, "axis": "y", "origin": [6, 7, 4]},
			"faces": {
				"north": {"uv": [6, 3, 6.5, 3.5], "texture": "#0"},
				"east": {"uv": [2, 4.5, 5.5, 5], "texture": "#0"},
				"south": {"uv": [6, 3.5, 6.5, 4], "texture": "#0"},
				"west": {"uv": [2, 5, 5.5, 5.5], "texture": "#0"},
				"up": {"uv": [2.5, 9, 2, 5.5], "texture": "#0"},
				"down": {"uv": [3, 5.5, 2.5, 9], "texture": "#0"}
			}
		},
		{
			"from": [7.2, 8, 4.7],
			"to": [7.7, 17, 10.2],
			"rotation": {"angle": 0, "axis": "y", "origin": [7, 8, 7]},
			"faces": {
				"north": {"uv": [3, 5.5, 3.25, 10], "texture": "#0"},
				"east": {"uv": [0, 0, 2.75, 4.5], "texture": "#0"},
				"south": {"uv": [3.5, 5.5, 3.75, 10], "texture": "#0"},
				"west": {"uv": [3, 0, 5.75, 4.5], "texture": "#0"},
				"up": {"uv": [4.25, 8.25, 4, 5.5], "texture": "#0"},
				"down": {"uv": [4.75, 5.5, 4.5, 8.25], "texture": "#0"}
			}
		},
		{
			"from": [7.25, 17, 5.2],
			"to": [7.65, 17.7, 9.7],
			"rotation": {"angle": 0, "axis": "y", "origin": [7, 8, 7]},
			"faces": {
				"north": {"uv": [6, 4, 6.25, 4.25], "texture": "#0"},
				"east": {"uv": [5.5, 4.5, 7.75, 4.75], "texture": "#0"},
				"south": {"uv": [6, 5, 6.25, 5.25], "texture": "#0"},
				"west": {"uv": [5, 5.5, 7.25, 5.75], "texture": "#0"},
				"up": {"uv": [6.25, 2.25, 6, 0], "texture": "#0"},
				"down": {"uv": [5.25, 6, 5, 8.25], "texture": "#0"}
			}
		}
	],
	"display": {
		"thirdperson_righthand": {
			"translation": [0, 2.25, 3]
		},
		"thirdperson_lefthand": {
			"translation": [0, 2.75, 2.25]
		},
		"firstperson_righthand": {
			"rotation": [-32, 0, 0],
			"translation": [1.5, 1.25, 0]
		},
		"firstperson_lefthand": {
			"rotation": [-14, 0, 0],
			"translation": [1, 1.5, 0]
		},
		"ground": {
			"rotation": [27, 0, 0],
			"translation": [0, 4.5, 0]
		},
		"gui": {
			"rotation": [68, -95, 61]
		},
		"head": {
			"rotation": [-88, 0, 0],
			"translation": [0, 8.75, 9.75],
			"scale": [1.92, 1.9, 1.85]
		},
		"fixed": {
			"rotation": [0, -90, 0]
		}
	},
	"groups": [
		{
			"name": "handle",
			"origin": [8, 8, 8],
			"color": 0,
			"children": [0, 1]
		},
		{
			"name": "blade",
			"origin": [8, 8, 8],
			"color": 0,
			"children": [2, 3]
		}
	]
}